{
  "averages": {
    "avg_daily": 4504,
    "avg_hourly": 189,
    "avg_weekly": 31530,
    "avg_monthly": 135130,
    "avg_yearly": 1644087
  },
  "best_conditions": {
    "best_season": 3,
    "best_weather": 1,
    "best_temperature_range": "17.4 \u00b0C \u2013 25.0 \u00b0C",
    "best_atemp_range": "19.4 \u00b0C \u2013 29.4 \u00b0C",
    "best_humidity_range": "58% \u2013 78%",
    "best_windspeed_range": "1.5 km/h \u2013 8.0 km/h",
    "best_feature_combinations": [
      {
        "season": 3,
        "weather": 1,
        "temp_range": "17.4 \u00b0C \u2013 25.0 \u00b0C"
      }
    ]
  },
  "impact": {
    "season_impact": {
      "1": 2604.1325966850827,
      "2": 4992.33152173913,
      "3": 5644.303191489362,
      "4": 4728.162921348315
    },
    "weather_impact": {
      "1": 4876.7861771058315,
      "2": 4035.862348178138,
      "3": 1803.2857142857142
    },
    "temperature_impact": {
      "(-5.259, 7.352]": 2569.005882352941,
      "(7.352, 19.925]": 4599.0,
      "(19.925, 32.498]": 5644.109848484848
    },
    "atemp_impact": {
      "(-10.832, 5.979]": 2587.8100558659216,
      "(5.979, 22.739]": 4774.867069486405,
      "(22.739, 39.499]": 5651.493212669683
    },
    "humidity_impact": {
      "(-0.0972, 32.417]": 3427.9166666666665,
      "(32.417, 64.833]": 4717.8363171355495,
      "(64.833, 97.25]": 4289.237804878048
    },
    "windspeed_impact": {
      "(1.468, 12.334]": 4946.321808510638,
      "(12.334, 23.167]": 4139.747663551402,
      "(23.167, 34.0]": 3058.9117647058824
    },
    "workingday_impact": {
      "0": 4330.168831168831,
      "1": 4584.82
    },
    "holiday_impact": {
      "0": 4527.104225352113,
      "1": 3735.0
    },
    "weekday_vs_weekend": {
      "Weekday": 4550.97,
      "Weekend": 4389.69
    },
    "month_period_impact": {
      "Start": 4494.27,
      "Mid": 4673.11,
      "End": 4352.61
    },
    "weather_impact_hour": {
      "1": 204.8692718829405,
      "2": 175.16549295774647,
      "3": 111.57928118393235,
      "4": 74.33333333333333
    }
  },
  "peaks": {
    "peak_hour": 17,
    "peak_day_of_week": 5,
    "peak_day_of_month": 17,
    "peak_month_of_year": 8
  },
  "trends": {
    "hourly_trend": [
      39130,
      24164,
      16352,
      8174,
      4428,
      14261,
      55132,
      154171,
      261001,
      159438,
      126257,
      151320,
      184414,
      184919,
      175652,
      183149,
      227748,
      336860,
      309772,
      226789,
      164550,
      125445,
      95612,
      63941
    ],
    "weekly_trend": [
      444027,
      455503,
      469109,
      473048,
      485395,
      487790,
      477807
    ],
    "monthly_date_trend": [
      103692,
      105381,
      111561,
      112335,
      109115,
      108600,
      105486,
      102770,
      108041,
      111645,
      111146,
      109257,
      111448,
      112406,
      115677,
      109837,
      118255,
      108437,
      110387,
      114697,
      104715,
      98863,
      106444,
      103606,
      104801,
      106360,
      102746,
      105832,
      95669,
      99845,
      63625
    ],
    "weekly_number_trend": [
      34008,
      29291,
      27112,
      33537,
      36676,
      33512,
      40371,
      38462,
      37934,
      44230,
      59620,
      57242,
      55628,
      61767,
      61240,
      63610,
      66487,
      73013,
      74145,
      77721,
      74969,
      78449,
      82089,
      82330,
      77852,
      80342,
      76436,
      82601,
      71052,
      79877,
      78831,
      79110,
      78960,
      77001,
      82829,
      71754,
      86487,
      80877,
      81004,
      79470,
      77072,
      77647,
      72463,
      56280,
      67109,
      61425,
      44679,
      60297,
      57747,
      58995,
      43551,
      27488
    ],
    "monthly_trend": [
      134933,
      151352,
      228920,
      269094,
      331686,
      346342,
      344948,
      351194,
      345991,
      322352,
      254831,
      211036
    ]
  },
  "feature_importance": {
    "atemp": 0.631,
    "temp": 0.627,
    "season": 0.406,
    "hour": 0.394,
    "weathersit": -0.297,
    "mnth": 0.28,
    "windspeed": -0.235,
    "hum": -0.101,
    "holiday": -0.068,
    "weekday": 0.067,
    "workingday": 0.061
  },
  "worst_conditions": {
    "worst_season": 1,
    "worst_weather": 3,
    "worst_temperature_range": "-5.3 \u00b0C \u2013 2.3 \u00b0C",
    "worst_humidity_range": "-0% \u2013 19%",
    "worst_windspeed_range": "21.0 km/h \u2013 27.5 km/h",
    "bad_feature_combinations": [
      {
        "season": 1,
        "weather": 3,
        "temp_range": "-5.3 \u00b0C \u2013 2.3 \u00b0C"
      }
    ]
  }
}